{
  "currency": "USD",
  "default": { "input": 0.0010, "cached_input": 0.00025, "output": 0.0040 },
  "models": {
    "gpt-5":         { "input": 0.000625, "cached_input": 0.0000625, "output": 0.00500 },
    "gpt-5-mini":    { "input": 0.000125, "cached_input": 0.0000125, "output": 0.00100 },
    "gpt-5-nano":    { "input": 0.000025, "cached_input": 0.0000025, "output": 0.00020 },
    "o3":            { "input": 0.00100, "cached_input": 0.00025,  "output": 0.00400 },
    "o4-mini":       { "input": 0.00055, "cached_input": 0.000138, "output": 0.00220 }
  },
  "aliases": {}
}
